label,concurrency,n_requests,errors,wall_s,req_per_s,prefill_tps,decode_tps,latency_mean,latency_p90,latency_p99,vram_peak_gb
short-64 serial,1,3,0,5.238912430002529,0.5726379358470307,41.229931380986216,34.16739683887283,1.7463041433341762,2.0551046380023763,2.0551046380023763,
short-64 conc=1,1,32,0,58.41139963599926,0.5478382678623271,39.44435528608756,33.48661412308475,1.8252023188130124,2.0601035010004125,2.11880970600032,121.3021184
short-64 conc=2,2,32,0,34.273589618002006,0.933663510494745,67.22377275562164,58.26643845181268,2.120326311437907,2.254086934000952,2.8984545300008904,121.318141952
short-64 conc=4,4,32,0,20.197659376000956,1.5843419974703947,114.07262381786842,97.73409696895497,2.4353149457809877,4.291000960998645,4.855668444997718,121.31899392
short-64 conc=8,8,32,0,6.854188503999467,4.668678134738748,336.14482570118986,289.89573292893414,1.5992888790622146,1.773922087999381,1.8889713509997819,121.31899392
short-64 conc=16,16,32,0,4.639469641002506,6.897340100513164,496.60848723694784,429.14387937880343,2.1593272561563026,2.509072816999833,2.5624025100005383,121.319370752
medium-256 serial,1,3,0,19.35745849399973,0.1549790227332744,11.93338475046213,33.83708663009825,6.452486164666577,6.644284957001219,6.644284957001219,
medium-256 conc=1,1,32,0,185.15755045999686,0.1728257903633996,13.307585857981769,34.55435646078221,5.786017050406031,6.532046087999333,7.114592443998845,121.319370752
medium-256 conc=2,2,32,0,99.002349194001,0.3232246533594278,24.888298308675942,64.32170601852613,6.169170830155849,6.955028974000015,7.815597406999586,121.319370752
medium-256 conc=4,4,32,0,54.093064867000066,0.5915730616980047,45.55112575074636,117.35330611434168,6.3995019569686065,7.235287756000616,7.53220511699692,121.319370752
medium-256 conc=8,8,32,0,20.407956136001303,1.5680159143202677,120.73722540266061,312.0841674470558,4.639293601187774,5.378064606000407,6.129737456001749,121.319370752
medium-256 conc=16,16,32,0,12.67922546799673,2.5238134680048305,194.33363703637195,485.8340925909299,5.683766759124865,6.7091422580015205,7.144383474998904,121.319370752
long-512 serial,1,3,0,31.51248665500316,0.09520035765009036,12.090445421561475,39.19081389928719,10.504162218334386,11.291746401002456,11.291746401002456,
long-512 conc=1,1,32,0,366.5534455390007,0.08729968409639531,11.087059880242204,39.54675689566707,11.454645362187762,12.782339358000172,13.401070574000187,121.319370752
long-512 conc=2,2,32,0,197.46758540299925,0.16205191315168613,20.58059297026414,73.03983573083654,12.01763297759419,13.585933432001184,13.930273959998885,121.319370752
long-512 conc=4,4,32,0,103.7099774950002,0.308552761970686,39.186200770277125,141.20145769683518,12.593910263531484,14.010193936999713,14.297828809998464,121.319370752
long-512 conc=8,8,32,0,39.2810147199998,0.814642906454942,103.45964911977764,371.0443862993994,9.117486805874705,10.10486021899851,10.297246170001017,121.319370752
long-512 conc=16,16,32,0,26.165985043000546,1.2229617936191577,155.31614778963302,540.6637654478195,11.523218385437076,13.04546240199852,13.857211282000208,121.319370752
xlarge-2048 serial,1,3,0,160.82454161499845,0.018653869427352504,3.786735493752558,38.20312458721793,53.60818053833282,54.53961726399939,54.53961726399939,
xlarge-2048 conc=1,1,32,0,1704.755745585,0.01877101753894893,3.8105165604066333,38.44304391976741,53.273455684781084,54.34306864700193,54.73693510200246,121.319419904
xlarge-2048 conc=2,2,32,0,896.7547066589977,0.03568422865514817,7.243898416995079,73.08130028574345,55.908608252531394,57.02559014700091,57.702112467002735,121.319419904
xlarge-2048 conc=4,4,32,0,469.39686762899873,0.06817258956506739,13.839035681708681,139.617463429258,58.10433710553116,59.070296396999765,60.47968986499836,121.319419904
xlarge-2048 conc=8,8,32,0,177.09002398399753,0.18069905509127737,36.68190818352931,370.07166482693606,43.404059300968356,44.37321363600131,46.09495162899839,121.327808512
xlarge-2048 conc=16,16,32,0,115.77211146400077,0.2764050823237371,56.110231711718626,566.0776085990136,56.93030814137569,58.38384357599716,59.65569315999892,121.822736384
